{
  "accuracy": 0.7748871843813698,
  "balanced_accuracy": 0.677757929949371,
  "f1_score": 0.3011704462326262,
  "precision": 0.20593237294917968,
  "recall": 0.5602885138813283,
  "auc": 0.7387918581060741,
  "specificity": 0.7952273460174137,
  "log_loss": 2.5301779270641784,
  "mcc": 0.23560122922989363,
  "cohen_kappa": 0.1998602466930114,
  "avg_precision": 0.197203637458587,
  "true_positives": 4117,
  "true_negatives": 61650,
  "false_positives": 15875,
  "false_negatives": 3231,
  "training_time_seconds": 0.19106507301330566
}