{
  "accuracy": 0.7617263440670178,
  "balanced_accuracy": 0.7461939288729276,
  "f1_score": 0.3458092064827095,
  "precision": 0.22681943560364948,
  "recall": 0.727408818726184,
  "auc": 0.8242397916488561,
  "specificity": 0.7649790390196711,
  "log_loss": 0.45854903144427656,
  "mcc": 0.30918648327003334,
  "cohen_kappa": 0.2463287343322592,
  "avg_precision": 0.31098307018055366,
  "true_positives": 5345,
  "true_negatives": 59305,
  "false_positives": 18220,
  "false_negatives": 2003,
  "training_time_seconds": 179.07413864135742
}